<?xml version="1.0" encoding="UTF-8"?>
<root>
  <item name="com.wzgiceman.rxretrofitlibrary.retrofit_rx.exception.ApiException ApiException(java.lang.Throwable, int, java.lang.String) 1">
    <annotation name="android.support.annotation.IntDef">
      <val name="value" val="{com.wzgiceman.rxretrofitlibrary.retrofit_rx.exception.CodeException.NETWORD_ERROR, com.wzgiceman.rxretrofitlibrary.retrofit_rx.exception.CodeException.HTTP_ERROR, com.wzgiceman.rxretrofitlibrary.retrofit_rx.exception.CodeException.RUNTIME_ERROR, com.wzgiceman.rxretrofitlibrary.retrofit_rx.exception.CodeException.UNKNOWN_ERROR, com.wzgiceman.rxretrofitlibrary.retrofit_rx.exception.CodeException.JSON_ERROR, com.wzgiceman.rxretrofitlibrary.retrofit_rx.exception.CodeException.UNKOWNHOST_ERROR}" />
    </annotation>
  </item>
  <item name="com.wzgiceman.rxretrofitlibrary.retrofit_rx.exception.ApiException int getCode()">
    <annotation name="android.support.annotation.IntDef">
      <val name="value" val="{com.wzgiceman.rxretrofitlibrary.retrofit_rx.exception.CodeException.NETWORD_ERROR, com.wzgiceman.rxretrofitlibrary.retrofit_rx.exception.CodeException.HTTP_ERROR, com.wzgiceman.rxretrofitlibrary.retrofit_rx.exception.CodeException.RUNTIME_ERROR, com.wzgiceman.rxretrofitlibrary.retrofit_rx.exception.CodeException.UNKNOWN_ERROR, com.wzgiceman.rxretrofitlibrary.retrofit_rx.exception.CodeException.JSON_ERROR, com.wzgiceman.rxretrofitlibrary.retrofit_rx.exception.CodeException.UNKOWNHOST_ERROR}" />
    </annotation>
  </item>
  <item name="com.wzgiceman.rxretrofitlibrary.retrofit_rx.exception.ApiException void setCode(int) 0">
    <annotation name="android.support.annotation.IntDef">
      <val name="value" val="{com.wzgiceman.rxretrofitlibrary.retrofit_rx.exception.CodeException.NETWORD_ERROR, com.wzgiceman.rxretrofitlibrary.retrofit_rx.exception.CodeException.HTTP_ERROR, com.wzgiceman.rxretrofitlibrary.retrofit_rx.exception.CodeException.RUNTIME_ERROR, com.wzgiceman.rxretrofitlibrary.retrofit_rx.exception.CodeException.UNKNOWN_ERROR, com.wzgiceman.rxretrofitlibrary.retrofit_rx.exception.CodeException.JSON_ERROR, com.wzgiceman.rxretrofitlibrary.retrofit_rx.exception.CodeException.UNKOWNHOST_ERROR}" />
    </annotation>
  </item>
  <item name="com.wzgiceman.rxretrofitlibrary.retrofit_rx.exception.CodeException.CodeEp">
    <annotation name="android.support.annotation.IntDef">
      <val name="value" val="{com.wzgiceman.rxretrofitlibrary.retrofit_rx.exception.CodeException.NETWORD_ERROR, com.wzgiceman.rxretrofitlibrary.retrofit_rx.exception.CodeException.HTTP_ERROR, com.wzgiceman.rxretrofitlibrary.retrofit_rx.exception.CodeException.RUNTIME_ERROR, com.wzgiceman.rxretrofitlibrary.retrofit_rx.exception.CodeException.UNKNOWN_ERROR, com.wzgiceman.rxretrofitlibrary.retrofit_rx.exception.CodeException.JSON_ERROR, com.wzgiceman.rxretrofitlibrary.retrofit_rx.exception.CodeException.UNKOWNHOST_ERROR}" />
    </annotation>
  </item>
</root>

